name,roll_number,father_name,phone_no,dob,qualifiation,branch,email
ABC,8514141,DEF,8901199090,,B.tech,,parteekarora@gmail.com
JkL,8514142,nsfhifghd,8901183835,12/05/14,B.tech,CSE,parteek1@gmail.com
parteek,8514142,nsfhifghd,8989898988,12/05/14,B.tech,CSE,parteek2@gmail.com
FJFH,8514142,nsfhifghd,8901183835,12/05/14,B.tech,CSE,parteek3
DLF,121215,nsfhifghd,8901183835,12/05/97,B.tech,CSE,parteek1@gmail.com
DFMDJ,8514142,nsfhifghd,8901183835,12/05/97,M.C.A,CSE,parteek12@gmail.com
NAME1,121285,nsfhifghd,8901183835,12/05/97,M.C.A,CSE,parteekarorakumar1997@gmail.com
DFMDJ,8514142,nsfhifghd,8901183835,12/05/97,M.C.A,CSE,parteekkumar1997@gmail.com
aman,454545,arg,9896401270,12/05/14,m.tech,civil,qwerty@gmail.com
